{"cameraMode":{"drawMode":0,"name":"Shaded","section":"Shading Mode"},"sceneLighting":true,"audioPlay":false,"sceneViewState":{"showFog":false,"showMaterialUpdate":false,"showSkybox":false,"showFlares":false,"showImageEffects":false,"showParticleSystems":false},"in2DMode":false,"pivot":{"x":2.9325692653656008,"y":1.3892595767974854,"z":1.6350462436676026},"rotation":{"x":-0.03258573263883591,"y":0.9407128095626831,"z":-0.32412105798721316,"w":-0.09457512944936753},"size":5.107395172119141,"orthographic":false}